Substance 1,Substance 2,Result
ALUMINUM OXIDE,ACETYLENE,Caution
"ALUMINUM POWDER, UNCOATED",ACETYLENE,Incompatible
"ALUMINUM POWDER, UNCOATED",ALUMINUM OXIDE,Incompatible
"AMMONIA, ANHYDROUS",ACETYLENE,Caution
"AMMONIA, ANHYDROUS",ALUMINUM OXIDE,Compatible
"AMMONIA, ANHYDROUS","ALUMINUM POWDER, UNCOATED",Incompatible
ARGON,ACETYLENE,Compatible
ARGON,ALUMINUM OXIDE,Compatible
ARGON,"ALUMINUM POWDER, UNCOATED",Caution
ARGON,"AMMONIA, ANHYDROUS",Compatible
BENZENE,ACETYLENE,Compatible
BENZENE,ALUMINUM OXIDE,Compatible
BENZENE,"ALUMINUM POWDER, UNCOATED",Compatible
BENZENE,"AMMONIA, ANHYDROUS",Compatible
BENZENE,ARGON,Compatible
BROMINE,ACETYLENE,Incompatible
BROMINE,ALUMINUM OXIDE,Incompatible
BROMINE,"ALUMINUM POWDER, UNCOATED",Incompatible
BROMINE,"AMMONIA, ANHYDROUS",Incompatible
BROMINE,ARGON,Compatible
BROMINE,BENZENE,Incompatible
CALCIUM CARBONATE,ACETYLENE,Caution
CALCIUM CARBONATE,ALUMINUM OXIDE,Compatible
CALCIUM CARBONATE,"ALUMINUM POWDER, UNCOATED",Incompatible
CALCIUM CARBONATE,"AMMONIA, ANHYDROUS",Compatible
CALCIUM CARBONATE,ARGON,Compatible
CALCIUM CARBONATE,BENZENE,Compatible
CALCIUM CARBONATE,BROMINE,Incompatible
CALCIUM OXIDE,ACETYLENE,Incompatible
CALCIUM OXIDE,ALUMINUM OXIDE,Compatible
CALCIUM OXIDE,"ALUMINUM POWDER, UNCOATED",Incompatible
CALCIUM OXIDE,"AMMONIA, ANHYDROUS",Compatible
CALCIUM OXIDE,ARGON,Compatible
CALCIUM OXIDE,BENZENE,Compatible
CALCIUM OXIDE,BROMINE,Incompatible
CALCIUM OXIDE,CALCIUM CARBONATE,Compatible
CARBON DIOXIDE,ACETYLENE,Compatible
CARBON DIOXIDE,ALUMINUM OXIDE,Compatible
CARBON DIOXIDE,"ALUMINUM POWDER, UNCOATED",Caution
CARBON DIOXIDE,"AMMONIA, ANHYDROUS",Compatible
CARBON DIOXIDE,ARGON,Compatible
CARBON DIOXIDE,BENZENE,Compatible
CARBON DIOXIDE,BROMINE,Compatible
CARBON DIOXIDE,CALCIUM CARBONATE,Compatible
CARBON DIOXIDE,CALCIUM OXIDE,Compatible
CARBON MONOXIDE,ACETYLENE,Compatible
CARBON MONOXIDE,ALUMINUM OXIDE,Compatible
CARBON MONOXIDE,"ALUMINUM POWDER, UNCOATED",Incompatible
CARBON MONOXIDE,"AMMONIA, ANHYDROUS",Compatible
CARBON MONOXIDE,ARGON,Compatible
CARBON MONOXIDE,BENZENE,Compatible
CARBON MONOXIDE,BROMINE,Incompatible
CARBON MONOXIDE,CALCIUM CARBONATE,Compatible
CARBON MONOXIDE,CALCIUM OXIDE,Compatible
CARBON MONOXIDE,CARBON DIOXIDE,Compatible
CELLULOSE,ACETYLENE,Compatible
CELLULOSE,ALUMINUM OXIDE,Compatible
CELLULOSE,"ALUMINUM POWDER, UNCOATED",Incompatible
CELLULOSE,"AMMONIA, ANHYDROUS",Compatible
CELLULOSE,ARGON,Compatible
CELLULOSE,BENZENE,Compatible
CELLULOSE,BROMINE,Incompatible
CELLULOSE,CALCIUM CARBONATE,Compatible
CELLULOSE,CALCIUM OXIDE,Incompatible
CELLULOSE,CARBON DIOXIDE,Compatible
CELLULOSE,CARBON MONOXIDE,Caution
CHLORINE,ACETYLENE,Incompatible
CHLORINE,ALUMINUM OXIDE,Incompatible
CHLORINE,"ALUMINUM POWDER, UNCOATED",Incompatible
CHLORINE,"AMMONIA, ANHYDROUS",Incompatible
CHLORINE,ARGON,Compatible
CHLORINE,BENZENE,Incompatible
CHLORINE,BROMINE,Incompatible
CHLORINE,CALCIUM CARBONATE,Incompatible
CHLORINE,CALCIUM OXIDE,Incompatible
CHLORINE,CARBON DIOXIDE,Compatible
CHLORINE,CARBON MONOXIDE,Incompatible
CHLORINE,CELLULOSE,Incompatible
CHROMIUM,ACETYLENE,Incompatible
CHROMIUM,ALUMINUM OXIDE,Incompatible
CHROMIUM,"ALUMINUM POWDER, UNCOATED",Compatible
CHROMIUM,"AMMONIA, ANHYDROUS",Incompatible
CHROMIUM,ARGON,Caution
CHROMIUM,BENZENE,Compatible
CHROMIUM,BROMINE,Incompatible
CHROMIUM,CALCIUM CARBONATE,Incompatible
CHROMIUM,CALCIUM OXIDE,Incompatible
CHROMIUM,CARBON DIOXIDE,Caution
CHROMIUM,CARBON MONOXIDE,Incompatible
CHROMIUM,CELLULOSE,Incompatible
CHROMIUM,CHLORINE,Incompatible
D-MANNITOL,ACETYLENE,Compatible
D-MANNITOL,ALUMINUM OXIDE,Compatible
D-MANNITOL,"ALUMINUM POWDER, UNCOATED",Incompatible
D-MANNITOL,"AMMONIA, ANHYDROUS",Compatible
D-MANNITOL,ARGON,Compatible
D-MANNITOL,BENZENE,Compatible
D-MANNITOL,BROMINE,Incompatible
D-MANNITOL,CALCIUM CARBONATE,Compatible
D-MANNITOL,CALCIUM OXIDE,Incompatible
D-MANNITOL,CARBON DIOXIDE,Compatible
D-MANNITOL,CARBON MONOXIDE,Caution
D-MANNITOL,CELLULOSE,Compatible
D-MANNITOL,CHLORINE,Incompatible
D-MANNITOL,CHROMIUM,Incompatible
DICHLOROMETHANE,ACETYLENE,Compatible
DICHLOROMETHANE,ALUMINUM OXIDE,Compatible
DICHLOROMETHANE,"ALUMINUM POWDER, UNCOATED",Incompatible
DICHLOROMETHANE,"AMMONIA, ANHYDROUS",Compatible
DICHLOROMETHANE,ARGON,Compatible
DICHLOROMETHANE,BENZENE,Compatible
DICHLOROMETHANE,BROMINE,Incompatible
DICHLOROMETHANE,CALCIUM CARBONATE,Caution
DICHLOROMETHANE,CALCIUM OXIDE,Incompatible
DICHLOROMETHANE,CARBON DIOXIDE,Compatible
DICHLOROMETHANE,CARBON MONOXIDE,Compatible
DICHLOROMETHANE,CELLULOSE,Compatible
DICHLOROMETHANE,CHLORINE,Incompatible
DICHLOROMETHANE,CHROMIUM,Incompatible
DICHLOROMETHANE,D-MANNITOL,Compatible
ETHANE,ACETYLENE,Compatible
ETHANE,ALUMINUM OXIDE,Compatible
ETHANE,"ALUMINUM POWDER, UNCOATED",Compatible
ETHANE,"AMMONIA, ANHYDROUS",Compatible
ETHANE,ARGON,Compatible
ETHANE,BENZENE,Compatible
ETHANE,BROMINE,Incompatible
ETHANE,CALCIUM CARBONATE,Compatible
ETHANE,CALCIUM OXIDE,Compatible
ETHANE,CARBON DIOXIDE,Compatible
ETHANE,CARBON MONOXIDE,Compatible
ETHANE,CELLULOSE,Compatible
ETHANE,CHLORINE,Incompatible
ETHANE,CHROMIUM,Compatible
ETHANE,D-MANNITOL,Compatible
ETHANE,DICHLOROMETHANE,Compatible
ETHANOL,ACETYLENE,Compatible
ETHANOL,ALUMINUM OXIDE,Compatible
ETHANOL,"ALUMINUM POWDER, UNCOATED",Incompatible
ETHANOL,"AMMONIA, ANHYDROUS",Compatible
ETHANOL,ARGON,Compatible
ETHANOL,BENZENE,Compatible
ETHANOL,BROMINE,Incompatible
ETHANOL,CALCIUM CARBONATE,Compatible
ETHANOL,CALCIUM OXIDE,Incompatible
ETHANOL,CARBON DIOXIDE,Compatible
ETHANOL,CARBON MONOXIDE,Caution
ETHANOL,CELLULOSE,Compatible
ETHANOL,CHLORINE,Incompatible
ETHANOL,CHROMIUM,Incompatible
ETHANOL,D-MANNITOL,Compatible
ETHANOL,DICHLOROMETHANE,Compatible
ETHANOL,ETHANE,Compatible
ETHYLENE,ACETYLENE,Caution
ETHYLENE,ALUMINUM OXIDE,Caution
ETHYLENE,"ALUMINUM POWDER, UNCOATED",Incompatible
ETHYLENE,"AMMONIA, ANHYDROUS",Incompatible
ETHYLENE,ARGON,Caution
ETHYLENE,BENZENE,Compatible
ETHYLENE,BROMINE,Incompatible
ETHYLENE,CALCIUM CARBONATE,Caution
ETHYLENE,CALCIUM OXIDE,Incompatible
ETHYLENE,CARBON DIOXIDE,Caution
ETHYLENE,CARBON MONOXIDE,Incompatible
ETHYLENE,CELLULOSE,Caution
ETHYLENE,CHLORINE,Incompatible
ETHYLENE,CHROMIUM,Incompatible
ETHYLENE,D-MANNITOL,Caution
ETHYLENE,DICHLOROMETHANE,Caution
ETHYLENE,ETHANE,Caution
ETHYLENE,ETHANOL,Caution
ETHYLENE,ETHYLENE,Self Reactive
"FERROUS CHLORIDE, SOLID",ACETYLENE,Compatible
"FERROUS CHLORIDE, SOLID",ALUMINUM OXIDE,Incompatible
"FERROUS CHLORIDE, SOLID","ALUMINUM POWDER, UNCOATED",Incompatible
"FERROUS CHLORIDE, SOLID","AMMONIA, ANHYDROUS",Compatible
"FERROUS CHLORIDE, SOLID",ARGON,Compatible
"FERROUS CHLORIDE, SOLID",BENZENE,Compatible
"FERROUS CHLORIDE, SOLID",BROMINE,Incompatible
"FERROUS CHLORIDE, SOLID",CALCIUM CARBONATE,Compatible
"FERROUS CHLORIDE, SOLID",CALCIUM OXIDE,Compatible
"FERROUS CHLORIDE, SOLID",CARBON DIOXIDE,Compatible
"FERROUS CHLORIDE, SOLID",CARBON MONOXIDE,Caution
"FERROUS CHLORIDE, SOLID",CELLULOSE,Incompatible
"FERROUS CHLORIDE, SOLID",CHLORINE,Incompatible
"FERROUS CHLORIDE, SOLID",CHROMIUM,Incompatible
"FERROUS CHLORIDE, SOLID",D-MANNITOL,Incompatible
"FERROUS CHLORIDE, SOLID",DICHLOROMETHANE,Incompatible
"FERROUS CHLORIDE, SOLID",ETHANE,Compatible
"FERROUS CHLORIDE, SOLID",ETHANOL,Incompatible
"FERROUS CHLORIDE, SOLID",ETHYLENE,Incompatible
HELIUM,ACETYLENE,Compatible
HELIUM,ALUMINUM OXIDE,Compatible
HELIUM,"ALUMINUM POWDER, UNCOATED",Caution
HELIUM,"AMMONIA, ANHYDROUS",Compatible
HELIUM,ARGON,Compatible
HELIUM,BENZENE,Compatible
HELIUM,BROMINE,Compatible
HELIUM,CALCIUM CARBONATE,Compatible
HELIUM,CALCIUM OXIDE,Compatible
HELIUM,CARBON DIOXIDE,Compatible
HELIUM,CARBON MONOXIDE,Compatible
HELIUM,CELLULOSE,Compatible
HELIUM,CHLORINE,Compatible
HELIUM,CHROMIUM,Caution
HELIUM,D-MANNITOL,Compatible
HELIUM,DICHLOROMETHANE,Compatible
HELIUM,ETHANE,Compatible
HELIUM,ETHANOL,Compatible
HELIUM,ETHYLENE,Caution
HELIUM,"FERROUS CHLORIDE, SOLID",Compatible
HYDROGEN,ACETYLENE,Compatible
HYDROGEN,ALUMINUM OXIDE,Compatible
HYDROGEN,"ALUMINUM POWDER, UNCOATED",Incompatible
HYDROGEN,"AMMONIA, ANHYDROUS",Compatible
HYDROGEN,ARGON,Compatible
HYDROGEN,BENZENE,Compatible
HYDROGEN,BROMINE,Incompatible
HYDROGEN,CALCIUM CARBONATE,Compatible
HYDROGEN,CALCIUM OXIDE,Compatible
HYDROGEN,CARBON DIOXIDE,Compatible
HYDROGEN,CARBON MONOXIDE,Compatible
HYDROGEN,CELLULOSE,Caution
HYDROGEN,CHLORINE,Incompatible
HYDROGEN,CHROMIUM,Incompatible
HYDROGEN,D-MANNITOL,Caution
HYDROGEN,DICHLOROMETHANE,Compatible
HYDROGEN,ETHANE,Compatible
HYDROGEN,ETHANOL,Caution
HYDROGEN,ETHYLENE,Incompatible
HYDROGEN,"FERROUS CHLORIDE, SOLID",Caution
HYDROGEN,HELIUM,Compatible
"HYDROGEN CHLORIDE, ANHYDROUS",ACETYLENE,Incompatible
"HYDROGEN CHLORIDE, ANHYDROUS",ALUMINUM OXIDE,Incompatible
"HYDROGEN CHLORIDE, ANHYDROUS","ALUMINUM POWDER, UNCOATED",Incompatible
"HYDROGEN CHLORIDE, ANHYDROUS","AMMONIA, ANHYDROUS",Incompatible
"HYDROGEN CHLORIDE, ANHYDROUS",ARGON,Compatible
"HYDROGEN CHLORIDE, ANHYDROUS",BENZENE,Compatible
"HYDROGEN CHLORIDE, ANHYDROUS",BROMINE,Incompatible
"HYDROGEN CHLORIDE, ANHYDROUS",CALCIUM CARBONATE,Incompatible
"HYDROGEN CHLORIDE, ANHYDROUS",CALCIUM OXIDE,Incompatible
"HYDROGEN CHLORIDE, ANHYDROUS",CARBON DIOXIDE,Compatible
"HYDROGEN CHLORIDE, ANHYDROUS",CARBON MONOXIDE,Compatible
"HYDROGEN CHLORIDE, ANHYDROUS",CELLULOSE,Incompatible
"HYDROGEN CHLORIDE, ANHYDROUS",CHLORINE,Incompatible
"HYDROGEN CHLORIDE, ANHYDROUS",CHROMIUM,Incompatible
"HYDROGEN CHLORIDE, ANHYDROUS",D-MANNITOL,Caution
"HYDROGEN CHLORIDE, ANHYDROUS",DICHLOROMETHANE,Caution
"HYDROGEN CHLORIDE, ANHYDROUS",ETHANE,Compatible
"HYDROGEN CHLORIDE, ANHYDROUS",ETHANOL,Caution
"HYDROGEN CHLORIDE, ANHYDROUS",ETHYLENE,Incompatible
"HYDROGEN CHLORIDE, ANHYDROUS","FERROUS CHLORIDE, SOLID",Incompatible
"HYDROGEN CHLORIDE, ANHYDROUS",HELIUM,Compatible
"HYDROGEN CHLORIDE, ANHYDROUS",HYDROGEN,Compatible
"HYDROGEN PEROXIDE, STABILIZED",ACETYLENE,Incompatible
"HYDROGEN PEROXIDE, STABILIZED",ALUMINUM OXIDE,Incompatible
"HYDROGEN PEROXIDE, STABILIZED","ALUMINUM POWDER, UNCOATED",Incompatible
"HYDROGEN PEROXIDE, STABILIZED","AMMONIA, ANHYDROUS",Incompatible
"HYDROGEN PEROXIDE, STABILIZED",ARGON,Compatible
"HYDROGEN PEROXIDE, STABILIZED",BENZENE,Incompatible
"HYDROGEN PEROXIDE, STABILIZED",BROMINE,Incompatible
"HYDROGEN PEROXIDE, STABILIZED",CALCIUM CARBONATE,Incompatible
"HYDROGEN PEROXIDE, STABILIZED",CALCIUM OXIDE,Incompatible
"HYDROGEN PEROXIDE, STABILIZED",CARBON DIOXIDE,Compatible
"HYDROGEN PEROXIDE, STABILIZED",CARBON MONOXIDE,Incompatible
"HYDROGEN PEROXIDE, STABILIZED",CELLULOSE,Incompatible
"HYDROGEN PEROXIDE, STABILIZED",CHLORINE,Incompatible
"HYDROGEN PEROXIDE, STABILIZED",CHROMIUM,Incompatible
"HYDROGEN PEROXIDE, STABILIZED",D-MANNITOL,Incompatible
"HYDROGEN PEROXIDE, STABILIZED",DICHLOROMETHANE,Incompatible
"HYDROGEN PEROXIDE, STABILIZED",ETHANE,Incompatible
"HYDROGEN PEROXIDE, STABILIZED",ETHANOL,Incompatible
"HYDROGEN PEROXIDE, STABILIZED",ETHYLENE,Incompatible
"HYDROGEN PEROXIDE, STABILIZED","FERROUS CHLORIDE, SOLID",Incompatible
"HYDROGEN PEROXIDE, STABILIZED",HELIUM,Compatible
"HYDROGEN PEROXIDE, STABILIZED",HYDROGEN,Incompatible
"HYDROGEN PEROXIDE, STABILIZED","HYDROGEN CHLORIDE, ANHYDROUS",Incompatible
HYDROGEN SULFIDE,ACETYLENE,Incompatible
HYDROGEN SULFIDE,ALUMINUM OXIDE,Caution
HYDROGEN SULFIDE,"ALUMINUM POWDER, UNCOATED",Incompatible
HYDROGEN SULFIDE,"AMMONIA, ANHYDROUS",Compatible
HYDROGEN SULFIDE,ARGON,Compatible
HYDROGEN SULFIDE,BENZENE,Compatible
HYDROGEN SULFIDE,BROMINE,Incompatible
HYDROGEN SULFIDE,CALCIUM CARBONATE,Compatible
HYDROGEN SULFIDE,CALCIUM OXIDE,Incompatible
HYDROGEN SULFIDE,CARBON DIOXIDE,Compatible
HYDROGEN SULFIDE,CARBON MONOXIDE,Compatible
HYDROGEN SULFIDE,CELLULOSE,Caution
HYDROGEN SULFIDE,CHLORINE,Incompatible
HYDROGEN SULFIDE,CHROMIUM,Incompatible
HYDROGEN SULFIDE,D-MANNITOL,Caution
HYDROGEN SULFIDE,DICHLOROMETHANE,Incompatible
HYDROGEN SULFIDE,ETHANE,Compatible
HYDROGEN SULFIDE,ETHANOL,Caution
HYDROGEN SULFIDE,ETHYLENE,Incompatible
HYDROGEN SULFIDE,"FERROUS CHLORIDE, SOLID",Incompatible
HYDROGEN SULFIDE,HELIUM,Compatible
HYDROGEN SULFIDE,HYDROGEN,Compatible
HYDROGEN SULFIDE,"HYDROGEN CHLORIDE, ANHYDROUS",Incompatible
HYDROGEN SULFIDE,"HYDROGEN PEROXIDE, STABILIZED",Incompatible
"IRON OXIDE, SPENT",ACETYLENE,Incompatible
"IRON OXIDE, SPENT",ALUMINUM OXIDE,Caution
"IRON OXIDE, SPENT","ALUMINUM POWDER, UNCOATED",Incompatible
"IRON OXIDE, SPENT","AMMONIA, ANHYDROUS",Compatible
"IRON OXIDE, SPENT",ARGON,Compatible
"IRON OXIDE, SPENT",BENZENE,Compatible
"IRON OXIDE, SPENT",BROMINE,Incompatible
"IRON OXIDE, SPENT",CALCIUM CARBONATE,Compatible
"IRON OXIDE, SPENT",CALCIUM OXIDE,Incompatible
"IRON OXIDE, SPENT",CARBON DIOXIDE,Compatible
"IRON OXIDE, SPENT",CARBON MONOXIDE,Compatible
"IRON OXIDE, SPENT",CELLULOSE,Caution
"IRON OXIDE, SPENT",CHLORINE,Incompatible
"IRON OXIDE, SPENT",CHROMIUM,Incompatible
"IRON OXIDE, SPENT",D-MANNITOL,Caution
"IRON OXIDE, SPENT",DICHLOROMETHANE,Incompatible
"IRON OXIDE, SPENT",ETHANE,Compatible
"IRON OXIDE, SPENT",ETHANOL,Caution
"IRON OXIDE, SPENT",ETHYLENE,Incompatible
"IRON OXIDE, SPENT","FERROUS CHLORIDE, SOLID",Incompatible
"IRON OXIDE, SPENT",HELIUM,Compatible
"IRON OXIDE, SPENT",HYDROGEN,Compatible
"IRON OXIDE, SPENT","HYDROGEN CHLORIDE, ANHYDROUS",Incompatible
"IRON OXIDE, SPENT","HYDROGEN PEROXIDE, STABILIZED",Incompatible
"IRON OXIDE, SPENT",HYDROGEN SULFIDE,Caution
"IRON, [POWDERED]",ACETYLENE,Incompatible
"IRON, [POWDERED]",ALUMINUM OXIDE,Incompatible
"IRON, [POWDERED]","ALUMINUM POWDER, UNCOATED",Compatible
"IRON, [POWDERED]","AMMONIA, ANHYDROUS",Incompatible
"IRON, [POWDERED]",ARGON,Caution
"IRON, [POWDERED]",BENZENE,Compatible
"IRON, [POWDERED]",BROMINE,Incompatible
"IRON, [POWDERED]",CALCIUM CARBONATE,Incompatible
"IRON, [POWDERED]",CALCIUM OXIDE,Incompatible
"IRON, [POWDERED]",CARBON DIOXIDE,Caution
"IRON, [POWDERED]",CARBON MONOXIDE,Incompatible
"IRON, [POWDERED]",CELLULOSE,Incompatible
"IRON, [POWDERED]",CHLORINE,Incompatible
"IRON, [POWDERED]",CHROMIUM,Compatible
"IRON, [POWDERED]",D-MANNITOL,Incompatible
"IRON, [POWDERED]",DICHLOROMETHANE,Incompatible
"IRON, [POWDERED]",ETHANE,Compatible
"IRON, [POWDERED]",ETHANOL,Incompatible
"IRON, [POWDERED]",ETHYLENE,Incompatible
"IRON, [POWDERED]","FERROUS CHLORIDE, SOLID",Incompatible
"IRON, [POWDERED]",HELIUM,Caution
"IRON, [POWDERED]",HYDROGEN,Incompatible
"IRON, [POWDERED]","HYDROGEN CHLORIDE, ANHYDROUS",Incompatible
"IRON, [POWDERED]","HYDROGEN PEROXIDE, STABILIZED",Incompatible
"IRON, [POWDERED]",HYDROGEN SULFIDE,Incompatible
"IRON, [POWDERED]","IRON OXIDE, SPENT",Incompatible
LACTOSE,ACETYLENE,Compatible
LACTOSE,ALUMINUM OXIDE,Compatible
LACTOSE,"ALUMINUM POWDER, UNCOATED",Incompatible
LACTOSE,"AMMONIA, ANHYDROUS",Compatible
LACTOSE,ARGON,Compatible
LACTOSE,BENZENE,Compatible
LACTOSE,BROMINE,Incompatible
LACTOSE,CALCIUM CARBONATE,Compatible
LACTOSE,CALCIUM OXIDE,Incompatible
LACTOSE,CARBON DIOXIDE,Compatible
LACTOSE,CARBON MONOXIDE,Caution
LACTOSE,CELLULOSE,Compatible
LACTOSE,CHLORINE,Incompatible
LACTOSE,CHROMIUM,Incompatible
LACTOSE,D-MANNITOL,Compatible
LACTOSE,DICHLOROMETHANE,Compatible
LACTOSE,ETHANE,Compatible
LACTOSE,ETHANOL,Compatible
LACTOSE,ETHYLENE,Caution
LACTOSE,"FERROUS CHLORIDE, SOLID",Incompatible
LACTOSE,HELIUM,Compatible
LACTOSE,HYDROGEN,Caution
LACTOSE,"HYDROGEN CHLORIDE, ANHYDROUS",Caution
LACTOSE,"HYDROGEN PEROXIDE, STABILIZED",Incompatible
LACTOSE,HYDROGEN SULFIDE,Caution
LACTOSE,"IRON OXIDE, SPENT",Caution
LACTOSE,"IRON, [POWDERED]",Incompatible
LEAD,ACETYLENE,Incompatible
LEAD,ALUMINUM OXIDE,Compatible
LEAD,"ALUMINUM POWDER, UNCOATED",Caution
LEAD,"AMMONIA, ANHYDROUS",Caution
LEAD,ARGON,Compatible
LEAD,BENZENE,Compatible
LEAD,BROMINE,Incompatible
LEAD,CALCIUM CARBONATE,Compatible
LEAD,CALCIUM OXIDE,Caution
LEAD,CARBON DIOXIDE,Compatible
LEAD,CARBON MONOXIDE,Incompatible
LEAD,CELLULOSE,Compatible
LEAD,CHLORINE,Incompatible
LEAD,CHROMIUM,Caution
LEAD,D-MANNITOL,Compatible
LEAD,DICHLOROMETHANE,Compatible
LEAD,ETHANE,Compatible
LEAD,ETHANOL,Compatible
LEAD,ETHYLENE,Incompatible
LEAD,"FERROUS CHLORIDE, SOLID",Caution
LEAD,HELIUM,Compatible
LEAD,HYDROGEN,Incompatible
LEAD,"HYDROGEN CHLORIDE, ANHYDROUS",Caution
LEAD,"HYDROGEN PEROXIDE, STABILIZED",Incompatible
LEAD,HYDROGEN SULFIDE,Incompatible
LEAD,"IRON OXIDE, SPENT",Incompatible
LEAD,"IRON, [POWDERED]",Caution
LEAD,LACTOSE,Compatible
LEAD SULFATE,ACETYLENE,Caution
LEAD SULFATE,ALUMINUM OXIDE,Compatible
LEAD SULFATE,"ALUMINUM POWDER, UNCOATED",Incompatible
LEAD SULFATE,"AMMONIA, ANHYDROUS",Compatible
LEAD SULFATE,ARGON,Compatible
LEAD SULFATE,BENZENE,Compatible
LEAD SULFATE,BROMINE,Incompatible
LEAD SULFATE,CALCIUM CARBONATE,Compatible
LEAD SULFATE,CALCIUM OXIDE,Compatible
LEAD SULFATE,CARBON DIOXIDE,Compatible
LEAD SULFATE,CARBON MONOXIDE,Compatible
LEAD SULFATE,CELLULOSE,Compatible
LEAD SULFATE,CHLORINE,Incompatible
LEAD SULFATE,CHROMIUM,Incompatible
LEAD SULFATE,D-MANNITOL,Compatible
LEAD SULFATE,DICHLOROMETHANE,Compatible
LEAD SULFATE,ETHANE,Compatible
LEAD SULFATE,ETHANOL,Compatible
LEAD SULFATE,ETHYLENE,Caution
LEAD SULFATE,"FERROUS CHLORIDE, SOLID",Incompatible
LEAD SULFATE,HELIUM,Compatible
LEAD SULFATE,HYDROGEN,Compatible
LEAD SULFATE,"HYDROGEN CHLORIDE, ANHYDROUS",Incompatible
LEAD SULFATE,"HYDROGEN PEROXIDE, STABILIZED",Incompatible
LEAD SULFATE,HYDROGEN SULFIDE,Caution
LEAD SULFATE,"IRON OXIDE, SPENT",Caution
LEAD SULFATE,"IRON, [POWDERED]",Incompatible
LEAD SULFATE,LACTOSE,Compatible
LEAD SULFATE,LEAD,Compatible
LEAD SULFIDE,ACETYLENE,Incompatible
LEAD SULFIDE,ALUMINUM OXIDE,Caution
LEAD SULFIDE,"ALUMINUM POWDER, UNCOATED",Incompatible
LEAD SULFIDE,"AMMONIA, ANHYDROUS",Compatible
LEAD SULFIDE,ARGON,Compatible
LEAD SULFIDE,BENZENE,Compatible
LEAD SULFIDE,BROMINE,Incompatible
LEAD SULFIDE,CALCIUM CARBONATE,Compatible
LEAD SULFIDE,CALCIUM OXIDE,Incompatible
LEAD SULFIDE,CARBON DIOXIDE,Compatible
LEAD SULFIDE,CARBON MONOXIDE,Compatible
LEAD SULFIDE,CELLULOSE,Caution
LEAD SULFIDE,CHLORINE,Incompatible
LEAD SULFIDE,CHROMIUM,Incompatible
LEAD SULFIDE,D-MANNITOL,Caution
LEAD SULFIDE,DICHLOROMETHANE,Incompatible
LEAD SULFIDE,ETHANE,Compatible
LEAD SULFIDE,ETHANOL,Caution
LEAD SULFIDE,ETHYLENE,Incompatible
LEAD SULFIDE,"FERROUS CHLORIDE, SOLID",Incompatible
LEAD SULFIDE,HELIUM,Compatible
LEAD SULFIDE,HYDROGEN,Compatible
LEAD SULFIDE,"HYDROGEN CHLORIDE, ANHYDROUS",Incompatible
LEAD SULFIDE,"HYDROGEN PEROXIDE, STABILIZED",Incompatible
LEAD SULFIDE,HYDROGEN SULFIDE,Compatible
LEAD SULFIDE,"IRON OXIDE, SPENT",Caution
LEAD SULFIDE,"IRON, [POWDERED]",Incompatible
LEAD SULFIDE,LACTOSE,Caution
LEAD SULFIDE,LEAD,Incompatible
LEAD SULFIDE,LEAD SULFATE,Caution
LIMESTONE,ACETYLENE,Caution
LIMESTONE,ALUMINUM OXIDE,Compatible
LIMESTONE,"ALUMINUM POWDER, UNCOATED",Incompatible
LIMESTONE,"AMMONIA, ANHYDROUS",Compatible
LIMESTONE,ARGON,Compatible
LIMESTONE,BENZENE,Compatible
LIMESTONE,BROMINE,Incompatible
LIMESTONE,CALCIUM CARBONATE,Compatible
LIMESTONE,CALCIUM OXIDE,Compatible
LIMESTONE,CARBON DIOXIDE,Compatible
LIMESTONE,CARBON MONOXIDE,Compatible
LIMESTONE,CELLULOSE,Compatible
LIMESTONE,CHLORINE,Incompatible
LIMESTONE,CHROMIUM,Incompatible
LIMESTONE,D-MANNITOL,Compatible
LIMESTONE,DICHLOROMETHANE,Caution
LIMESTONE,ETHANE,Compatible
LIMESTONE,ETHANOL,Compatible
LIMESTONE,ETHYLENE,Caution
LIMESTONE,"FERROUS CHLORIDE, SOLID",Compatible
LIMESTONE,HELIUM,Compatible
LIMESTONE,HYDROGEN,Compatible
LIMESTONE,"HYDROGEN CHLORIDE, ANHYDROUS",Incompatible
LIMESTONE,"HYDROGEN PEROXIDE, STABILIZED",Incompatible
LIMESTONE,HYDROGEN SULFIDE,Compatible
LIMESTONE,"IRON OXIDE, SPENT",Compatible
LIMESTONE,"IRON, [POWDERED]",Incompatible
LIMESTONE,LACTOSE,Compatible
LIMESTONE,LEAD,Compatible
LIMESTONE,LEAD SULFATE,Compatible
LIMESTONE,LEAD SULFIDE,Compatible
LITHIUM,ACETYLENE,Incompatible
LITHIUM,ALUMINUM OXIDE,Incompatible
LITHIUM,"ALUMINUM POWDER, UNCOATED",Caution
LITHIUM,"AMMONIA, ANHYDROUS",Incompatible
LITHIUM,ARGON,Caution
LITHIUM,BENZENE,Compatible
LITHIUM,BROMINE,Incompatible
LITHIUM,CALCIUM CARBONATE,Caution
LITHIUM,CALCIUM OXIDE,Caution
LITHIUM,CARBON DIOXIDE,Caution
LITHIUM,CARBON MONOXIDE,Incompatible
LITHIUM,CELLULOSE,Incompatible
LITHIUM,CHLORINE,Incompatible
LITHIUM,CHROMIUM,Caution
LITHIUM,D-MANNITOL,Incompatible
LITHIUM,DICHLOROMETHANE,Incompatible
LITHIUM,ETHANE,Compatible
LITHIUM,ETHANOL,Incompatible
LITHIUM,ETHYLENE,Incompatible
LITHIUM,"FERROUS CHLORIDE, SOLID",Incompatible
LITHIUM,HELIUM,Caution
LITHIUM,HYDROGEN,Incompatible
LITHIUM,"HYDROGEN CHLORIDE, ANHYDROUS",Incompatible
LITHIUM,"HYDROGEN PEROXIDE, STABILIZED",Incompatible
LITHIUM,HYDROGEN SULFIDE,Incompatible
LITHIUM,"IRON OXIDE, SPENT",Incompatible
LITHIUM,"IRON, [POWDERED]",Caution
LITHIUM,LACTOSE,Incompatible
LITHIUM,LEAD,Caution
LITHIUM,LEAD SULFATE,Incompatible
LITHIUM,LEAD SULFIDE,Incompatible
LITHIUM,LIMESTONE,Caution
MARBLE,ACETYLENE,Caution
MARBLE,ALUMINUM OXIDE,Compatible
MARBLE,"ALUMINUM POWDER, UNCOATED",Incompatible
MARBLE,"AMMONIA, ANHYDROUS",Compatible
MARBLE,ARGON,Compatible
MARBLE,BENZENE,Compatible
MARBLE,BROMINE,Incompatible
MARBLE,CALCIUM CARBONATE,Compatible
MARBLE,CALCIUM OXIDE,Compatible
MARBLE,CARBON DIOXIDE,Compatible
MARBLE,CARBON MONOXIDE,Compatible
MARBLE,CELLULOSE,Compatible
MARBLE,CHLORINE,Incompatible
MARBLE,CHROMIUM,Incompatible
MARBLE,D-MANNITOL,Compatible
MARBLE,DICHLOROMETHANE,Caution
MARBLE,ETHANE,Compatible
MARBLE,ETHANOL,Compatible
MARBLE,ETHYLENE,Caution
MARBLE,"FERROUS CHLORIDE, SOLID",Compatible
MARBLE,HELIUM,Compatible
MARBLE,HYDROGEN,Compatible
MARBLE,"HYDROGEN CHLORIDE, ANHYDROUS",Incompatible
MARBLE,"HYDROGEN PEROXIDE, STABILIZED",Incompatible
MARBLE,HYDROGEN SULFIDE,Compatible
MARBLE,"IRON OXIDE, SPENT",Compatible
MARBLE,"IRON, [POWDERED]",Incompatible
MARBLE,LACTOSE,Compatible
MARBLE,LEAD,Compatible
MARBLE,LEAD SULFATE,Compatible
MARBLE,LEAD SULFIDE,Compatible
MARBLE,LIMESTONE,Compatible
MARBLE,LITHIUM,Caution
METHANE,ACETYLENE,Compatible
METHANE,ALUMINUM OXIDE,Compatible
METHANE,"ALUMINUM POWDER, UNCOATED",Compatible
METHANE,"AMMONIA, ANHYDROUS",Compatible
METHANE,ARGON,Compatible
METHANE,BENZENE,Compatible
METHANE,BROMINE,Incompatible
METHANE,CALCIUM CARBONATE,Compatible
METHANE,CALCIUM OXIDE,Compatible
METHANE,CARBON DIOXIDE,Compatible
METHANE,CARBON MONOXIDE,Compatible
METHANE,CELLULOSE,Compatible
METHANE,CHLORINE,Incompatible
METHANE,CHROMIUM,Compatible
METHANE,D-MANNITOL,Compatible
METHANE,DICHLOROMETHANE,Compatible
METHANE,ETHANE,Compatible
METHANE,ETHANOL,Compatible
METHANE,ETHYLENE,Caution
METHANE,"FERROUS CHLORIDE, SOLID",Compatible
METHANE,HELIUM,Compatible
METHANE,HYDROGEN,Compatible
METHANE,"HYDROGEN CHLORIDE, ANHYDROUS",Compatible
METHANE,"HYDROGEN PEROXIDE, STABILIZED",Incompatible
METHANE,HYDROGEN SULFIDE,Compatible
METHANE,"IRON OXIDE, SPENT",Compatible
METHANE,"IRON, [POWDERED]",Compatible
METHANE,LACTOSE,Compatible
METHANE,LEAD,Compatible
METHANE,LEAD SULFATE,Compatible
METHANE,LEAD SULFIDE,Compatible
METHANE,LIMESTONE,Compatible
METHANE,LITHIUM,Compatible
METHANE,MARBLE,Compatible
NICKEL,ACETYLENE,Incompatible
NICKEL,ALUMINUM OXIDE,Incompatible
NICKEL,"ALUMINUM POWDER, UNCOATED",Compatible
NICKEL,"AMMONIA, ANHYDROUS",Incompatible
NICKEL,ARGON,Caution
NICKEL,BENZENE,Compatible
NICKEL,BROMINE,Incompatible
NICKEL,CALCIUM CARBONATE,Incompatible
NICKEL,CALCIUM OXIDE,Incompatible
NICKEL,CARBON DIOXIDE,Caution
NICKEL,CARBON MONOXIDE,Incompatible
NICKEL,CELLULOSE,Incompatible
NICKEL,CHLORINE,Incompatible
NICKEL,CHROMIUM,Compatible
NICKEL,D-MANNITOL,Incompatible
NICKEL,DICHLOROMETHANE,Incompatible
NICKEL,ETHANE,Compatible
NICKEL,ETHANOL,Incompatible
NICKEL,ETHYLENE,Incompatible
NICKEL,"FERROUS CHLORIDE, SOLID",Incompatible
NICKEL,HELIUM,Caution
NICKEL,HYDROGEN,Incompatible
NICKEL,"HYDROGEN CHLORIDE, ANHYDROUS",Incompatible
NICKEL,"HYDROGEN PEROXIDE, STABILIZED",Incompatible
NICKEL,HYDROGEN SULFIDE,Incompatible
NICKEL,"IRON OXIDE, SPENT",Incompatible
NICKEL,"IRON, [POWDERED]",Compatible
NICKEL,LACTOSE,Incompatible
NICKEL,LEAD,Caution
NICKEL,LEAD SULFATE,Incompatible
NICKEL,LEAD SULFIDE,Incompatible
NICKEL,LIMESTONE,Incompatible
NICKEL,LITHIUM,Caution
NICKEL,MARBLE,Incompatible
NICKEL,METHANE,Compatible
NITROGEN,ACETYLENE,Compatible
NITROGEN,ALUMINUM OXIDE,Compatible
NITROGEN,"ALUMINUM POWDER, UNCOATED",Caution
NITROGEN,"AMMONIA, ANHYDROUS",Compatible
NITROGEN,ARGON,Compatible
NITROGEN,BENZENE,Compatible
NITROGEN,BROMINE,Compatible
NITROGEN,CALCIUM CARBONATE,Compatible
NITROGEN,CALCIUM OXIDE,Compatible
NITROGEN,CARBON DIOXIDE,Compatible
NITROGEN,CARBON MONOXIDE,Compatible
NITROGEN,CELLULOSE,Compatible
NITROGEN,CHLORINE,Compatible
NITROGEN,CHROMIUM,Caution
NITROGEN,D-MANNITOL,Compatible
NITROGEN,DICHLOROMETHANE,Compatible
NITROGEN,ETHANE,Compatible
NITROGEN,ETHANOL,Compatible
NITROGEN,ETHYLENE,Caution
NITROGEN,"FERROUS CHLORIDE, SOLID",Compatible
NITROGEN,HELIUM,Compatible
NITROGEN,HYDROGEN,Compatible
NITROGEN,"HYDROGEN CHLORIDE, ANHYDROUS",Compatible
NITROGEN,"HYDROGEN PEROXIDE, STABILIZED",Compatible
NITROGEN,HYDROGEN SULFIDE,Compatible
NITROGEN,"IRON OXIDE, SPENT",Compatible
NITROGEN,"IRON, [POWDERED]",Caution
NITROGEN,LACTOSE,Compatible
NITROGEN,LEAD,Compatible
NITROGEN,LEAD SULFATE,Compatible
NITROGEN,LEAD SULFIDE,Compatible
NITROGEN,LIMESTONE,Compatible
NITROGEN,LITHIUM,Caution
NITROGEN,MARBLE,Compatible
NITROGEN,METHANE,Compatible
NITROGEN,NICKEL,Caution
OXYGEN,ACETYLENE,Incompatible
OXYGEN,ALUMINUM OXIDE,Incompatible
OXYGEN,"ALUMINUM POWDER, UNCOATED",Incompatible
OXYGEN,"AMMONIA, ANHYDROUS",Incompatible
OXYGEN,ARGON,Compatible
OXYGEN,BENZENE,Incompatible
OXYGEN,BROMINE,Incompatible
OXYGEN,CALCIUM CARBONATE,Incompatible
OXYGEN,CALCIUM OXIDE,Incompatible
OXYGEN,CARBON DIOXIDE,Compatible
OXYGEN,CARBON MONOXIDE,Incompatible
OXYGEN,CELLULOSE,Incompatible
OXYGEN,CHLORINE,Incompatible
OXYGEN,CHROMIUM,Incompatible
OXYGEN,D-MANNITOL,Incompatible
OXYGEN,DICHLOROMETHANE,Incompatible
OXYGEN,ETHANE,Incompatible
OXYGEN,ETHANOL,Incompatible
OXYGEN,ETHYLENE,Incompatible
OXYGEN,"FERROUS CHLORIDE, SOLID",Incompatible
OXYGEN,HELIUM,Compatible
OXYGEN,HYDROGEN,Incompatible
OXYGEN,"HYDROGEN CHLORIDE, ANHYDROUS",Incompatible
OXYGEN,"HYDROGEN PEROXIDE, STABILIZED",Caution
OXYGEN,HYDROGEN SULFIDE,Incompatible
OXYGEN,"IRON OXIDE, SPENT",Incompatible
OXYGEN,"IRON, [POWDERED]",Incompatible
OXYGEN,LACTOSE,Incompatible
OXYGEN,LEAD,Incompatible
OXYGEN,LEAD SULFATE,Incompatible
OXYGEN,LEAD SULFIDE,Incompatible
OXYGEN,LIMESTONE,Incompatible
OXYGEN,LITHIUM,Incompatible
OXYGEN,MARBLE,Incompatible
OXYGEN,METHANE,Incompatible
OXYGEN,NICKEL,Incompatible
OXYGEN,NITROGEN,Compatible
"PHENOL, LIQUID",ACETYLENE,Compatible
"PHENOL, LIQUID",ALUMINUM OXIDE,Compatible
"PHENOL, LIQUID","ALUMINUM POWDER, UNCOATED",Incompatible
"PHENOL, LIQUID","AMMONIA, ANHYDROUS",Caution
"PHENOL, LIQUID",ARGON,Compatible
"PHENOL, LIQUID",BENZENE,Compatible
"PHENOL, LIQUID",BROMINE,Incompatible
"PHENOL, LIQUID",CALCIUM CARBONATE,Caution
"PHENOL, LIQUID",CALCIUM OXIDE,Incompatible
"PHENOL, LIQUID",CARBON DIOXIDE,Compatible
"PHENOL, LIQUID",CARBON MONOXIDE,Compatible
"PHENOL, LIQUID",CELLULOSE,Compatible
"PHENOL, LIQUID",CHLORINE,Incompatible
"PHENOL, LIQUID",CHROMIUM,Incompatible
"PHENOL, LIQUID",D-MANNITOL,Compatible
"PHENOL, LIQUID",DICHLOROMETHANE,Compatible
"PHENOL, LIQUID",ETHANE,Compatible
"PHENOL, LIQUID",ETHANOL,Compatible
"PHENOL, LIQUID",ETHYLENE,Caution
"PHENOL, LIQUID","FERROUS CHLORIDE, SOLID",Incompatible
"PHENOL, LIQUID",HELIUM,Compatible
"PHENOL, LIQUID",HYDROGEN,Compatible
"PHENOL, LIQUID","HYDROGEN CHLORIDE, ANHYDROUS",Compatible
"PHENOL, LIQUID","HYDROGEN PEROXIDE, STABILIZED",Incompatible
"PHENOL, LIQUID",HYDROGEN SULFIDE,Incompatible
"PHENOL, LIQUID","IRON OXIDE, SPENT",Incompatible
"PHENOL, LIQUID","IRON, [POWDERED]",Incompatible
"PHENOL, LIQUID",LACTOSE,Compatible
"PHENOL, LIQUID",LEAD,Compatible
"PHENOL, LIQUID",LEAD SULFATE,Compatible
"PHENOL, LIQUID",LEAD SULFIDE,Incompatible
"PHENOL, LIQUID",LIMESTONE,Caution
"PHENOL, LIQUID",LITHIUM,Incompatible
"PHENOL, LIQUID",MARBLE,Caution
"PHENOL, LIQUID",METHANE,Compatible
"PHENOL, LIQUID",NICKEL,Incompatible
"PHENOL, LIQUID",NITROGEN,Compatible
"PHENOL, LIQUID",OXYGEN,Incompatible
PHOSGENE,ACETYLENE,Incompatible
PHOSGENE,ALUMINUM OXIDE,Caution
PHOSGENE,"ALUMINUM POWDER, UNCOATED",Incompatible
PHOSGENE,"AMMONIA, ANHYDROUS",Incompatible
PHOSGENE,ARGON,Compatible
PHOSGENE,BENZENE,Caution
PHOSGENE,BROMINE,Incompatible
PHOSGENE,CALCIUM CARBONATE,Incompatible
PHOSGENE,CALCIUM OXIDE,Incompatible
PHOSGENE,CARBON DIOXIDE,Compatible
PHOSGENE,CARBON MONOXIDE,Compatible
PHOSGENE,CELLULOSE,Incompatible
PHOSGENE,CHLORINE,Incompatible
PHOSGENE,CHROMIUM,Incompatible
PHOSGENE,D-MANNITOL,Incompatible
PHOSGENE,DICHLOROMETHANE,Compatible
PHOSGENE,ETHANE,Compatible
PHOSGENE,ETHANOL,Incompatible
PHOSGENE,ETHYLENE,Incompatible
PHOSGENE,"FERROUS CHLORIDE, SOLID",Incompatible
PHOSGENE,HELIUM,Compatible
PHOSGENE,HYDROGEN,Compatible
PHOSGENE,"HYDROGEN CHLORIDE, ANHYDROUS",Incompatible
PHOSGENE,"HYDROGEN PEROXIDE, STABILIZED",Incompatible
PHOSGENE,HYDROGEN SULFIDE,Incompatible
PHOSGENE,"IRON OXIDE, SPENT",Incompatible
PHOSGENE,"IRON, [POWDERED]",Incompatible
PHOSGENE,LACTOSE,Incompatible
PHOSGENE,LEAD,Incompatible
PHOSGENE,LEAD SULFATE,Caution
PHOSGENE,LEAD SULFIDE,Incompatible
PHOSGENE,LIMESTONE,Incompatible
PHOSGENE,LITHIUM,Incompatible
PHOSGENE,MARBLE,Incompatible
PHOSGENE,METHANE,Compatible
PHOSGENE,NICKEL,Incompatible
PHOSGENE,NITROGEN,Compatible
PHOSGENE,OXYGEN,Incompatible
PHOSGENE,"PHENOL, LIQUID",Incompatible
"PHOSPHORUS, [BLACK]",ACETYLENE,Compatible
"PHOSPHORUS, [BLACK]",ALUMINUM OXIDE,Compatible
"PHOSPHORUS, [BLACK]","ALUMINUM POWDER, UNCOATED",Incompatible
"PHOSPHORUS, [BLACK]","AMMONIA, ANHYDROUS",Compatible
"PHOSPHORUS, [BLACK]",ARGON,Compatible
"PHOSPHORUS, [BLACK]",BENZENE,Compatible
"PHOSPHORUS, [BLACK]",BROMINE,Incompatible
"PHOSPHORUS, [BLACK]",CALCIUM CARBONATE,Compatible
"PHOSPHORUS, [BLACK]",CALCIUM OXIDE,Compatible
"PHOSPHORUS, [BLACK]",CARBON DIOXIDE,Compatible
"PHOSPHORUS, [BLACK]",CARBON MONOXIDE,Compatible
"PHOSPHORUS, [BLACK]",CELLULOSE,Caution
"PHOSPHORUS, [BLACK]",CHLORINE,Incompatible
"PHOSPHORUS, [BLACK]",CHROMIUM,Incompatible
"PHOSPHORUS, [BLACK]",D-MANNITOL,Caution
"PHOSPHORUS, [BLACK]",DICHLOROMETHANE,Compatible
"PHOSPHORUS, [BLACK]",ETHANE,Compatible
"PHOSPHORUS, [BLACK]",ETHANOL,Caution
"PHOSPHORUS, [BLACK]",ETHYLENE,Incompatible
"PHOSPHORUS, [BLACK]","FERROUS CHLORIDE, SOLID",Caution
"PHOSPHORUS, [BLACK]",HELIUM,Compatible
"PHOSPHORUS, [BLACK]",HYDROGEN,Compatible
"PHOSPHORUS, [BLACK]","HYDROGEN CHLORIDE, ANHYDROUS",Compatible
"PHOSPHORUS, [BLACK]","HYDROGEN PEROXIDE, STABILIZED",Incompatible
"PHOSPHORUS, [BLACK]",HYDROGEN SULFIDE,Compatible
"PHOSPHORUS, [BLACK]","IRON OXIDE, SPENT",Compatible
"PHOSPHORUS, [BLACK]","IRON, [POWDERED]",Incompatible
"PHOSPHORUS, [BLACK]",LACTOSE,Caution
"PHOSPHORUS, [BLACK]",LEAD,Incompatible
"PHOSPHORUS, [BLACK]",LEAD SULFATE,Compatible
"PHOSPHORUS, [BLACK]",LEAD SULFIDE,Compatible
"PHOSPHORUS, [BLACK]",LIMESTONE,Compatible
"PHOSPHORUS, [BLACK]",LITHIUM,Incompatible
"PHOSPHORUS, [BLACK]",MARBLE,Compatible
"PHOSPHORUS, [BLACK]",METHANE,Compatible
"PHOSPHORUS, [BLACK]",NICKEL,Incompatible
"PHOSPHORUS, [BLACK]",NITROGEN,Compatible
"PHOSPHORUS, [BLACK]",OXYGEN,Incompatible
"PHOSPHORUS, [BLACK]","PHENOL, LIQUID",Compatible
"PHOSPHORUS, [BLACK]",PHOSGENE,Compatible
PLATINUM,ACETYLENE,Incompatible
PLATINUM,ALUMINUM OXIDE,Compatible
PLATINUM,"ALUMINUM POWDER, UNCOATED",Caution
PLATINUM,"AMMONIA, ANHYDROUS",Caution
PLATINUM,ARGON,Compatible
PLATINUM,BENZENE,Compatible
PLATINUM,BROMINE,Incompatible
PLATINUM,CALCIUM CARBONATE,Compatible
PLATINUM,CALCIUM OXIDE,Caution
PLATINUM,CARBON DIOXIDE,Compatible
PLATINUM,CARBON MONOXIDE,Incompatible
PLATINUM,CELLULOSE,Compatible
PLATINUM,CHLORINE,Incompatible
PLATINUM,CHROMIUM,Caution
PLATINUM,D-MANNITOL,Compatible
PLATINUM,DICHLOROMETHANE,Compatible
PLATINUM,ETHANE,Compatible
PLATINUM,ETHANOL,Compatible
PLATINUM,ETHYLENE,Incompatible
PLATINUM,"FERROUS CHLORIDE, SOLID",Caution
PLATINUM,HELIUM,Compatible
PLATINUM,HYDROGEN,Incompatible
PLATINUM,"HYDROGEN CHLORIDE, ANHYDROUS",Caution
PLATINUM,"HYDROGEN PEROXIDE, STABILIZED",Incompatible
PLATINUM,HYDROGEN SULFIDE,Incompatible
PLATINUM,"IRON OXIDE, SPENT",Incompatible
PLATINUM,"IRON, [POWDERED]",Caution
PLATINUM,LACTOSE,Compatible
PLATINUM,LEAD,Compatible
PLATINUM,LEAD SULFATE,Compatible
PLATINUM,LEAD SULFIDE,Incompatible
PLATINUM,LIMESTONE,Compatible
PLATINUM,LITHIUM,Caution
PLATINUM,MARBLE,Compatible
PLATINUM,METHANE,Compatible
PLATINUM,NICKEL,Caution
PLATINUM,NITROGEN,Compatible
PLATINUM,OXYGEN,Incompatible
PLATINUM,"PHENOL, LIQUID",Compatible
PLATINUM,PHOSGENE,Incompatible
PLATINUM,"PHOSPHORUS, [BLACK]",Incompatible
POLYETHYLENE AS,ACETYLENE,Compatible
POLYETHYLENE AS,ALUMINUM OXIDE,Compatible
POLYETHYLENE AS,"ALUMINUM POWDER, UNCOATED",Compatible
POLYETHYLENE AS,"AMMONIA, ANHYDROUS",Compatible
POLYETHYLENE AS,ARGON,Compatible
POLYETHYLENE AS,BENZENE,Compatible
POLYETHYLENE AS,BROMINE,Incompatible
POLYETHYLENE AS,CALCIUM CARBONATE,Compatible
POLYETHYLENE AS,CALCIUM OXIDE,Compatible
POLYETHYLENE AS,CARBON DIOXIDE,Compatible
POLYETHYLENE AS,CARBON MONOXIDE,Compatible
POLYETHYLENE AS,CELLULOSE,Compatible
POLYETHYLENE AS,CHLORINE,Incompatible
POLYETHYLENE AS,CHROMIUM,Compatible
POLYETHYLENE AS,D-MANNITOL,Compatible
POLYETHYLENE AS,DICHLOROMETHANE,Compatible
POLYETHYLENE AS,ETHANE,Compatible
POLYETHYLENE AS,ETHANOL,Compatible
POLYETHYLENE AS,ETHYLENE,Caution
POLYETHYLENE AS,"FERROUS CHLORIDE, SOLID",Compatible
POLYETHYLENE AS,HELIUM,Compatible
POLYETHYLENE AS,HYDROGEN,Compatible
POLYETHYLENE AS,"HYDROGEN CHLORIDE, ANHYDROUS",Compatible
POLYETHYLENE AS,"HYDROGEN PEROXIDE, STABILIZED",Incompatible
POLYETHYLENE AS,HYDROGEN SULFIDE,Compatible
POLYETHYLENE AS,"IRON OXIDE, SPENT",Compatible
POLYETHYLENE AS,"IRON, [POWDERED]",Compatible
POLYETHYLENE AS,LACTOSE,Compatible
POLYETHYLENE AS,LEAD,Compatible
POLYETHYLENE AS,LEAD SULFATE,Compatible
POLYETHYLENE AS,LEAD SULFIDE,Compatible
POLYETHYLENE AS,LIMESTONE,Compatible
POLYETHYLENE AS,LITHIUM,Compatible
POLYETHYLENE AS,MARBLE,Compatible
POLYETHYLENE AS,METHANE,Compatible
POLYETHYLENE AS,NICKEL,Compatible
POLYETHYLENE AS,NITROGEN,Compatible
POLYETHYLENE AS,OXYGEN,Incompatible
POLYETHYLENE AS,"PHENOL, LIQUID",Compatible
POLYETHYLENE AS,PHOSGENE,Compatible
POLYETHYLENE AS,"PHOSPHORUS, [BLACK]",Compatible
POLYETHYLENE AS,PLATINUM,Compatible
POLYPROPYLENE,ACETYLENE,Compatible
POLYPROPYLENE,ALUMINUM OXIDE,Compatible
POLYPROPYLENE,"ALUMINUM POWDER, UNCOATED",Compatible
POLYPROPYLENE,"AMMONIA, ANHYDROUS",Compatible
POLYPROPYLENE,ARGON,Compatible
POLYPROPYLENE,BENZENE,Compatible
POLYPROPYLENE,BROMINE,Incompatible
POLYPROPYLENE,CALCIUM CARBONATE,Compatible
POLYPROPYLENE,CALCIUM OXIDE,Compatible
POLYPROPYLENE,CARBON DIOXIDE,Compatible
POLYPROPYLENE,CARBON MONOXIDE,Compatible
POLYPROPYLENE,CELLULOSE,Compatible
POLYPROPYLENE,CHLORINE,Incompatible
POLYPROPYLENE,CHROMIUM,Compatible
POLYPROPYLENE,D-MANNITOL,Compatible
POLYPROPYLENE,DICHLOROMETHANE,Compatible
POLYPROPYLENE,ETHANE,Compatible
POLYPROPYLENE,ETHANOL,Compatible
POLYPROPYLENE,ETHYLENE,Caution
POLYPROPYLENE,"FERROUS CHLORIDE, SOLID",Compatible
POLYPROPYLENE,HELIUM,Compatible
POLYPROPYLENE,HYDROGEN,Compatible
POLYPROPYLENE,"HYDROGEN CHLORIDE, ANHYDROUS",Compatible
POLYPROPYLENE,"HYDROGEN PEROXIDE, STABILIZED",Incompatible
POLYPROPYLENE,HYDROGEN SULFIDE,Compatible
POLYPROPYLENE,"IRON OXIDE, SPENT",Compatible
POLYPROPYLENE,"IRON, [POWDERED]",Compatible
POLYPROPYLENE,LACTOSE,Compatible
POLYPROPYLENE,LEAD,Compatible
POLYPROPYLENE,LEAD SULFATE,Compatible
POLYPROPYLENE,LEAD SULFIDE,Compatible
POLYPROPYLENE,LIMESTONE,Compatible
POLYPROPYLENE,LITHIUM,Compatible
POLYPROPYLENE,MARBLE,Compatible
POLYPROPYLENE,METHANE,Compatible
POLYPROPYLENE,NICKEL,Compatible
POLYPROPYLENE,NITROGEN,Compatible
POLYPROPYLENE,OXYGEN,Incompatible
POLYPROPYLENE,"PHENOL, LIQUID",Compatible
POLYPROPYLENE,PHOSGENE,Compatible
POLYPROPYLENE,"PHOSPHORUS, [BLACK]",Compatible
POLYPROPYLENE,PLATINUM,Compatible
POLYPROPYLENE,POLYETHYLENE AS,Compatible
SILANE,ACETYLENE,Incompatible
SILANE,ALUMINUM OXIDE,Caution
SILANE,"ALUMINUM POWDER, UNCOATED",Incompatible
SILANE,"AMMONIA, ANHYDROUS",Compatible
SILANE,ARGON,Compatible
SILANE,BENZENE,Compatible
SILANE,BROMINE,Incompatible
SILANE,CALCIUM CARBONATE,Compatible
SILANE,CALCIUM OXIDE,Incompatible
SILANE,CARBON DIOXIDE,Compatible
SILANE,CARBON MONOXIDE,Compatible
SILANE,CELLULOSE,Incompatible
SILANE,CHLORINE,Incompatible
SILANE,CHROMIUM,Incompatible
SILANE,D-MANNITOL,Incompatible
SILANE,DICHLOROMETHANE,Incompatible
SILANE,ETHANE,Compatible
SILANE,ETHANOL,Incompatible
SILANE,ETHYLENE,Incompatible
SILANE,"FERROUS CHLORIDE, SOLID",Caution
SILANE,HELIUM,Compatible
SILANE,HYDROGEN,Compatible
SILANE,"HYDROGEN CHLORIDE, ANHYDROUS",Incompatible
SILANE,"HYDROGEN PEROXIDE, STABILIZED",Incompatible
SILANE,HYDROGEN SULFIDE,Compatible
SILANE,"IRON OXIDE, SPENT",Caution
SILANE,"IRON, [POWDERED]",Incompatible
SILANE,LACTOSE,Incompatible
SILANE,LEAD,Incompatible
SILANE,LEAD SULFATE,Caution
SILANE,LEAD SULFIDE,Compatible
SILANE,LIMESTONE,Compatible
SILANE,LITHIUM,Incompatible
SILANE,MARBLE,Compatible
SILANE,METHANE,Compatible
SILANE,NICKEL,Incompatible
SILANE,NITROGEN,Compatible
SILANE,OXYGEN,Incompatible
SILANE,"PHENOL, LIQUID",Incompatible
SILANE,PHOSGENE,Incompatible
SILANE,"PHOSPHORUS, [BLACK]",Compatible
SILANE,PLATINUM,Incompatible
SILANE,POLYETHYLENE AS,Compatible
SILANE,POLYPROPYLENE,Compatible
"SILICA, AMORPHOUS",ACETYLENE,Compatible
"SILICA, AMORPHOUS",ALUMINUM OXIDE,Compatible
"SILICA, AMORPHOUS","ALUMINUM POWDER, UNCOATED",Caution
"SILICA, AMORPHOUS","AMMONIA, ANHYDROUS",Compatible
"SILICA, AMORPHOUS",ARGON,Compatible
"SILICA, AMORPHOUS",BENZENE,Compatible
"SILICA, AMORPHOUS",BROMINE,Incompatible
"SILICA, AMORPHOUS",CALCIUM CARBONATE,Compatible
"SILICA, AMORPHOUS",CALCIUM OXIDE,Incompatible
"SILICA, AMORPHOUS",CARBON DIOXIDE,Compatible
"SILICA, AMORPHOUS",CARBON MONOXIDE,Compatible
"SILICA, AMORPHOUS",CELLULOSE,Compatible
"SILICA, AMORPHOUS",CHLORINE,Incompatible
"SILICA, AMORPHOUS",CHROMIUM,Caution
"SILICA, AMORPHOUS",D-MANNITOL,Compatible
"SILICA, AMORPHOUS",DICHLOROMETHANE,Compatible
"SILICA, AMORPHOUS",ETHANE,Compatible
"SILICA, AMORPHOUS",ETHANOL,Compatible
"SILICA, AMORPHOUS",ETHYLENE,Caution
"SILICA, AMORPHOUS","FERROUS CHLORIDE, SOLID",Incompatible
"SILICA, AMORPHOUS",HELIUM,Compatible
"SILICA, AMORPHOUS",HYDROGEN,Compatible
"SILICA, AMORPHOUS","HYDROGEN CHLORIDE, ANHYDROUS",Caution
"SILICA, AMORPHOUS","HYDROGEN PEROXIDE, STABILIZED",Caution
"SILICA, AMORPHOUS",HYDROGEN SULFIDE,Compatible
"SILICA, AMORPHOUS","IRON OXIDE, SPENT",Compatible
"SILICA, AMORPHOUS","IRON, [POWDERED]",Caution
"SILICA, AMORPHOUS",LACTOSE,Compatible
"SILICA, AMORPHOUS",LEAD,Compatible
"SILICA, AMORPHOUS",LEAD SULFATE,Compatible
"SILICA, AMORPHOUS",LEAD SULFIDE,Compatible
"SILICA, AMORPHOUS",LIMESTONE,Compatible
"SILICA, AMORPHOUS",LITHIUM,Caution
"SILICA, AMORPHOUS",MARBLE,Compatible
"SILICA, AMORPHOUS",METHANE,Compatible
"SILICA, AMORPHOUS",NICKEL,Caution
"SILICA, AMORPHOUS",NITROGEN,Compatible
"SILICA, AMORPHOUS",OXYGEN,Caution
"SILICA, AMORPHOUS","PHENOL, LIQUID",Compatible
"SILICA, AMORPHOUS",PHOSGENE,Compatible
"SILICA, AMORPHOUS","PHOSPHORUS, [BLACK]",Compatible
"SILICA, AMORPHOUS",PLATINUM,Compatible
"SILICA, AMORPHOUS",POLYETHYLENE AS,Compatible
"SILICA, AMORPHOUS",POLYPROPYLENE,Compatible
"SILICA, AMORPHOUS",SILANE,Compatible
SILICON TETRAFLUORIDE,ACETYLENE,Caution
SILICON TETRAFLUORIDE,ALUMINUM OXIDE,Compatible
SILICON TETRAFLUORIDE,"ALUMINUM POWDER, UNCOATED",Incompatible
SILICON TETRAFLUORIDE,"AMMONIA, ANHYDROUS",Compatible
SILICON TETRAFLUORIDE,ARGON,Compatible
SILICON TETRAFLUORIDE,BENZENE,Compatible
SILICON TETRAFLUORIDE,BROMINE,Incompatible
SILICON TETRAFLUORIDE,CALCIUM CARBONATE,Compatible
SILICON TETRAFLUORIDE,CALCIUM OXIDE,Caution
SILICON TETRAFLUORIDE,CARBON DIOXIDE,Compatible
SILICON TETRAFLUORIDE,CARBON MONOXIDE,Compatible
SILICON TETRAFLUORIDE,CELLULOSE,Compatible
SILICON TETRAFLUORIDE,CHLORINE,Incompatible
SILICON TETRAFLUORIDE,CHROMIUM,Incompatible
SILICON TETRAFLUORIDE,D-MANNITOL,Compatible
SILICON TETRAFLUORIDE,DICHLOROMETHANE,Compatible
SILICON TETRAFLUORIDE,ETHANE,Compatible
SILICON TETRAFLUORIDE,ETHANOL,Compatible
SILICON TETRAFLUORIDE,ETHYLENE,Caution
SILICON TETRAFLUORIDE,"FERROUS CHLORIDE, SOLID",Incompatible
SILICON TETRAFLUORIDE,HELIUM,Compatible
SILICON TETRAFLUORIDE,HYDROGEN,Compatible
SILICON TETRAFLUORIDE,"HYDROGEN CHLORIDE, ANHYDROUS",Incompatible
SILICON TETRAFLUORIDE,"HYDROGEN PEROXIDE, STABILIZED",Incompatible
SILICON TETRAFLUORIDE,HYDROGEN SULFIDE,Caution
SILICON TETRAFLUORIDE,"IRON OXIDE, SPENT",Caution
SILICON TETRAFLUORIDE,"IRON, [POWDERED]",Incompatible
SILICON TETRAFLUORIDE,LACTOSE,Compatible
SILICON TETRAFLUORIDE,LEAD,Compatible
SILICON TETRAFLUORIDE,LEAD SULFATE,Compatible
SILICON TETRAFLUORIDE,LEAD SULFIDE,Caution
SILICON TETRAFLUORIDE,LIMESTONE,Compatible
SILICON TETRAFLUORIDE,LITHIUM,Caution
SILICON TETRAFLUORIDE,MARBLE,Compatible
SILICON TETRAFLUORIDE,METHANE,Compatible
SILICON TETRAFLUORIDE,NICKEL,Incompatible
SILICON TETRAFLUORIDE,NITROGEN,Compatible
SILICON TETRAFLUORIDE,OXYGEN,Incompatible
SILICON TETRAFLUORIDE,"PHENOL, LIQUID",Caution
SILICON TETRAFLUORIDE,PHOSGENE,Caution
SILICON TETRAFLUORIDE,"PHOSPHORUS, [BLACK]",Compatible
SILICON TETRAFLUORIDE,PLATINUM,Compatible
SILICON TETRAFLUORIDE,POLYETHYLENE AS,Compatible
SILICON TETRAFLUORIDE,POLYPROPYLENE,Compatible
SILICON TETRAFLUORIDE,SILANE,Incompatible
SILICON TETRAFLUORIDE,"SILICA, AMORPHOUS",Caution
SODIUM,ACETYLENE,Incompatible
SODIUM,ALUMINUM OXIDE,Incompatible
SODIUM,"ALUMINUM POWDER, UNCOATED",Caution
SODIUM,"AMMONIA, ANHYDROUS",Incompatible
SODIUM,ARGON,Caution
SODIUM,BENZENE,Compatible
SODIUM,BROMINE,Incompatible
SODIUM,CALCIUM CARBONATE,Caution
SODIUM,CALCIUM OXIDE,Caution
SODIUM,CARBON DIOXIDE,Caution
SODIUM,CARBON MONOXIDE,Incompatible
SODIUM,CELLULOSE,Incompatible
SODIUM,CHLORINE,Incompatible
SODIUM,CHROMIUM,Caution
SODIUM,D-MANNITOL,Incompatible
SODIUM,DICHLOROMETHANE,Incompatible
SODIUM,ETHANE,Compatible
SODIUM,ETHANOL,Incompatible
SODIUM,ETHYLENE,Incompatible
SODIUM,"FERROUS CHLORIDE, SOLID",Incompatible
SODIUM,HELIUM,Caution
SODIUM,HYDROGEN,Incompatible
SODIUM,"HYDROGEN CHLORIDE, ANHYDROUS",Incompatible
SODIUM,"HYDROGEN PEROXIDE, STABILIZED",Incompatible
SODIUM,HYDROGEN SULFIDE,Incompatible
SODIUM,"IRON OXIDE, SPENT",Incompatible
SODIUM,"IRON, [POWDERED]",Caution
SODIUM,LACTOSE,Incompatible
SODIUM,LEAD,Caution
SODIUM,LEAD SULFATE,Incompatible
SODIUM,LEAD SULFIDE,Incompatible
SODIUM,LIMESTONE,Caution
SODIUM,LITHIUM,Caution
SODIUM,MARBLE,Caution
SODIUM,METHANE,Compatible
SODIUM,NICKEL,Caution
SODIUM,NITROGEN,Caution
SODIUM,OXYGEN,Incompatible
SODIUM,"PHENOL, LIQUID",Incompatible
SODIUM,PHOSGENE,Incompatible
SODIUM,"PHOSPHORUS, [BLACK]",Incompatible
SODIUM,PLATINUM,Caution
SODIUM,POLYETHYLENE AS,Compatible
SODIUM,POLYPROPYLENE,Compatible
SODIUM,SILANE,Incompatible
SODIUM,"SILICA, AMORPHOUS",Caution
SODIUM,SILICON TETRAFLUORIDE,Caution
SODIUM CHLORIDE,ACETYLENE,Caution
SODIUM CHLORIDE,ALUMINUM OXIDE,Compatible
SODIUM CHLORIDE,"ALUMINUM POWDER, UNCOATED",Incompatible
SODIUM CHLORIDE,"AMMONIA, ANHYDROUS",Compatible
SODIUM CHLORIDE,ARGON,Compatible
SODIUM CHLORIDE,BENZENE,Compatible
SODIUM CHLORIDE,BROMINE,Incompatible
SODIUM CHLORIDE,CALCIUM CARBONATE,Compatible
SODIUM CHLORIDE,CALCIUM OXIDE,Compatible
SODIUM CHLORIDE,CARBON DIOXIDE,Compatible
SODIUM CHLORIDE,CARBON MONOXIDE,Compatible
SODIUM CHLORIDE,CELLULOSE,Compatible
SODIUM CHLORIDE,CHLORINE,Incompatible
SODIUM CHLORIDE,CHROMIUM,Incompatible
SODIUM CHLORIDE,D-MANNITOL,Compatible
SODIUM CHLORIDE,DICHLOROMETHANE,Compatible
SODIUM CHLORIDE,ETHANE,Compatible
SODIUM CHLORIDE,ETHANOL,Compatible
SODIUM CHLORIDE,ETHYLENE,Caution
SODIUM CHLORIDE,"FERROUS CHLORIDE, SOLID",Incompatible
SODIUM CHLORIDE,HELIUM,Compatible
SODIUM CHLORIDE,HYDROGEN,Compatible
SODIUM CHLORIDE,"HYDROGEN CHLORIDE, ANHYDROUS",Incompatible
SODIUM CHLORIDE,"HYDROGEN PEROXIDE, STABILIZED",Incompatible
SODIUM CHLORIDE,HYDROGEN SULFIDE,Caution
SODIUM CHLORIDE,"IRON OXIDE, SPENT",Caution
SODIUM CHLORIDE,"IRON, [POWDERED]",Incompatible
SODIUM CHLORIDE,LACTOSE,Compatible
SODIUM CHLORIDE,LEAD,Compatible
SODIUM CHLORIDE,LEAD SULFATE,Compatible
SODIUM CHLORIDE,LEAD SULFIDE,Caution
SODIUM CHLORIDE,LIMESTONE,Compatible
SODIUM CHLORIDE,LITHIUM,Incompatible
SODIUM CHLORIDE,MARBLE,Compatible
SODIUM CHLORIDE,METHANE,Compatible
SODIUM CHLORIDE,NICKEL,Incompatible
SODIUM CHLORIDE,NITROGEN,Compatible
SODIUM CHLORIDE,OXYGEN,Incompatible
SODIUM CHLORIDE,"PHENOL, LIQUID",Compatible
SODIUM CHLORIDE,PHOSGENE,Caution
SODIUM CHLORIDE,"PHOSPHORUS, [BLACK]",Compatible
SODIUM CHLORIDE,PLATINUM,Compatible
SODIUM CHLORIDE,POLYETHYLENE AS,Compatible
SODIUM CHLORIDE,POLYPROPYLENE,Compatible
SODIUM CHLORIDE,SILANE,Caution
SODIUM CHLORIDE,"SILICA, AMORPHOUS",Compatible
SODIUM CHLORIDE,SILICON TETRAFLUORIDE,Compatible
SODIUM CHLORIDE,SODIUM,Incompatible
SODIUM PERMANGANATE,ACETYLENE,Incompatible
SODIUM PERMANGANATE,ALUMINUM OXIDE,Incompatible
SODIUM PERMANGANATE,"ALUMINUM POWDER, UNCOATED",Incompatible
SODIUM PERMANGANATE,"AMMONIA, ANHYDROUS",Incompatible
SODIUM PERMANGANATE,ARGON,Compatible
SODIUM PERMANGANATE,BENZENE,Incompatible
SODIUM PERMANGANATE,BROMINE,Incompatible
SODIUM PERMANGANATE,CALCIUM CARBONATE,Incompatible
SODIUM PERMANGANATE,CALCIUM OXIDE,Incompatible
SODIUM PERMANGANATE,CARBON DIOXIDE,Compatible
SODIUM PERMANGANATE,CARBON MONOXIDE,Incompatible
SODIUM PERMANGANATE,CELLULOSE,Incompatible
SODIUM PERMANGANATE,CHLORINE,Incompatible
SODIUM PERMANGANATE,CHROMIUM,Incompatible
SODIUM PERMANGANATE,D-MANNITOL,Incompatible
SODIUM PERMANGANATE,DICHLOROMETHANE,Incompatible
SODIUM PERMANGANATE,ETHANE,Incompatible
SODIUM PERMANGANATE,ETHANOL,Incompatible
SODIUM PERMANGANATE,ETHYLENE,Incompatible
SODIUM PERMANGANATE,"FERROUS CHLORIDE, SOLID",Incompatible
SODIUM PERMANGANATE,HELIUM,Compatible
SODIUM PERMANGANATE,HYDROGEN,Incompatible
SODIUM PERMANGANATE,"HYDROGEN CHLORIDE, ANHYDROUS",Incompatible
SODIUM PERMANGANATE,"HYDROGEN PEROXIDE, STABILIZED",Caution
SODIUM PERMANGANATE,HYDROGEN SULFIDE,Incompatible
SODIUM PERMANGANATE,"IRON OXIDE, SPENT",Incompatible
SODIUM PERMANGANATE,"IRON, [POWDERED]",Incompatible
SODIUM PERMANGANATE,LACTOSE,Incompatible
SODIUM PERMANGANATE,LEAD,Incompatible
SODIUM PERMANGANATE,LEAD SULFATE,Incompatible
SODIUM PERMANGANATE,LEAD SULFIDE,Incompatible
SODIUM PERMANGANATE,LIMESTONE,Incompatible
SODIUM PERMANGANATE,LITHIUM,Incompatible
SODIUM PERMANGANATE,MARBLE,Incompatible
SODIUM PERMANGANATE,METHANE,Incompatible
SODIUM PERMANGANATE,NICKEL,Incompatible
SODIUM PERMANGANATE,NITROGEN,Compatible
SODIUM PERMANGANATE,OXYGEN,Caution
SODIUM PERMANGANATE,"PHENOL, LIQUID",Incompatible
SODIUM PERMANGANATE,PHOSGENE,Incompatible
SODIUM PERMANGANATE,"PHOSPHORUS, [BLACK]",Incompatible
SODIUM PERMANGANATE,PLATINUM,Incompatible
SODIUM PERMANGANATE,POLYETHYLENE AS,Incompatible
SODIUM PERMANGANATE,POLYPROPYLENE,Incompatible
SODIUM PERMANGANATE,SILANE,Incompatible
SODIUM PERMANGANATE,"SILICA, AMORPHOUS",Caution
SODIUM PERMANGANATE,SILICON TETRAFLUORIDE,Incompatible
SODIUM PERMANGANATE,SODIUM,Incompatible
SODIUM PERMANGANATE,SODIUM CHLORIDE,Incompatible
SUCROSE,ACETYLENE,Compatible
SUCROSE,ALUMINUM OXIDE,Compatible
SUCROSE,"ALUMINUM POWDER, UNCOATED",Incompatible
SUCROSE,"AMMONIA, ANHYDROUS",Compatible
SUCROSE,ARGON,Compatible
SUCROSE,BENZENE,Compatible
SUCROSE,BROMINE,Incompatible
SUCROSE,CALCIUM CARBONATE,Compatible
SUCROSE,CALCIUM OXIDE,Incompatible
SUCROSE,CARBON DIOXIDE,Compatible
SUCROSE,CARBON MONOXIDE,Caution
SUCROSE,CELLULOSE,Compatible
SUCROSE,CHLORINE,Incompatible
SUCROSE,CHROMIUM,Incompatible
SUCROSE,D-MANNITOL,Compatible
SUCROSE,DICHLOROMETHANE,Compatible
SUCROSE,ETHANE,Compatible
SUCROSE,ETHANOL,Compatible
SUCROSE,ETHYLENE,Caution
SUCROSE,"FERROUS CHLORIDE, SOLID",Incompatible
SUCROSE,HELIUM,Compatible
SUCROSE,HYDROGEN,Caution
SUCROSE,"HYDROGEN CHLORIDE, ANHYDROUS",Caution
SUCROSE,"HYDROGEN PEROXIDE, STABILIZED",Incompatible
SUCROSE,HYDROGEN SULFIDE,Caution
SUCROSE,"IRON OXIDE, SPENT",Caution
SUCROSE,"IRON, [POWDERED]",Incompatible
SUCROSE,LACTOSE,Compatible
SUCROSE,LEAD,Compatible
SUCROSE,LEAD SULFATE,Compatible
SUCROSE,LEAD SULFIDE,Caution
SUCROSE,LIMESTONE,Compatible
SUCROSE,LITHIUM,Incompatible
SUCROSE,MARBLE,Compatible
SUCROSE,METHANE,Compatible
SUCROSE,NICKEL,Incompatible
SUCROSE,NITROGEN,Compatible
SUCROSE,OXYGEN,Incompatible
SUCROSE,"PHENOL, LIQUID",Compatible
SUCROSE,PHOSGENE,Incompatible
SUCROSE,"PHOSPHORUS, [BLACK]",Caution
SUCROSE,PLATINUM,Compatible
SUCROSE,POLYETHYLENE AS,Compatible
SUCROSE,POLYPROPYLENE,Compatible
SUCROSE,SILANE,Incompatible
SUCROSE,"SILICA, AMORPHOUS",Compatible
SUCROSE,SILICON TETRAFLUORIDE,Compatible
SUCROSE,SODIUM,Incompatible
SUCROSE,SODIUM CHLORIDE,Compatible
SUCROSE,SODIUM PERMANGANATE,Incompatible
"SULFUR, MOLTEN",ACETYLENE,Compatible
"SULFUR, MOLTEN",ALUMINUM OXIDE,Incompatible
"SULFUR, MOLTEN","ALUMINUM POWDER, UNCOATED",Incompatible
"SULFUR, MOLTEN","AMMONIA, ANHYDROUS",Compatible
"SULFUR, MOLTEN",ARGON,Compatible
"SULFUR, MOLTEN",BENZENE,Compatible
"SULFUR, MOLTEN",BROMINE,Incompatible
"SULFUR, MOLTEN",CALCIUM CARBONATE,Compatible
"SULFUR, MOLTEN",CALCIUM OXIDE,Compatible
"SULFUR, MOLTEN",CARBON DIOXIDE,Compatible
"SULFUR, MOLTEN",CARBON MONOXIDE,Caution
"SULFUR, MOLTEN",CELLULOSE,Incompatible
"SULFUR, MOLTEN",CHLORINE,Incompatible
"SULFUR, MOLTEN",CHROMIUM,Incompatible
"SULFUR, MOLTEN",D-MANNITOL,Incompatible
"SULFUR, MOLTEN",DICHLOROMETHANE,Incompatible
"SULFUR, MOLTEN",ETHANE,Compatible
"SULFUR, MOLTEN",ETHANOL,Incompatible
"SULFUR, MOLTEN",ETHYLENE,Incompatible
"SULFUR, MOLTEN","FERROUS CHLORIDE, SOLID",Caution
"SULFUR, MOLTEN",HELIUM,Compatible
"SULFUR, MOLTEN",HYDROGEN,Caution
"SULFUR, MOLTEN","HYDROGEN CHLORIDE, ANHYDROUS",Incompatible
"SULFUR, MOLTEN","HYDROGEN PEROXIDE, STABILIZED",Incompatible
"SULFUR, MOLTEN",HYDROGEN SULFIDE,Incompatible
"SULFUR, MOLTEN","IRON OXIDE, SPENT",Incompatible
"SULFUR, MOLTEN","IRON, [POWDERED]",Incompatible
"SULFUR, MOLTEN",LACTOSE,Incompatible
"SULFUR, MOLTEN",LEAD,Caution
"SULFUR, MOLTEN",LEAD SULFATE,Incompatible
"SULFUR, MOLTEN",LEAD SULFIDE,Incompatible
"SULFUR, MOLTEN",LIMESTONE,Compatible
"SULFUR, MOLTEN",LITHIUM,Incompatible
"SULFUR, MOLTEN",MARBLE,Compatible
"SULFUR, MOLTEN",METHANE,Compatible
"SULFUR, MOLTEN",NICKEL,Incompatible
"SULFUR, MOLTEN",NITROGEN,Compatible
"SULFUR, MOLTEN",OXYGEN,Incompatible
"SULFUR, MOLTEN","PHENOL, LIQUID",Incompatible
"SULFUR, MOLTEN",PHOSGENE,Incompatible
"SULFUR, MOLTEN","PHOSPHORUS, [BLACK]",Caution
"SULFUR, MOLTEN",PLATINUM,Caution
"SULFUR, MOLTEN",POLYETHYLENE AS,Compatible
"SULFUR, MOLTEN",POLYPROPYLENE,Compatible
"SULFUR, MOLTEN",SILANE,Caution
"SULFUR, MOLTEN","SILICA, AMORPHOUS",Incompatible
"SULFUR, MOLTEN",SILICON TETRAFLUORIDE,Incompatible
"SULFUR, MOLTEN",SODIUM,Incompatible
"SULFUR, MOLTEN",SODIUM CHLORIDE,Incompatible
"SULFUR, MOLTEN",SODIUM PERMANGANATE,Incompatible
"SULFUR, MOLTEN",SUCROSE,Incompatible
SULFURIC ACID,ACETYLENE,Incompatible
SULFURIC ACID,ALUMINUM OXIDE,Incompatible
SULFURIC ACID,"ALUMINUM POWDER, UNCOATED",Incompatible
SULFURIC ACID,"AMMONIA, ANHYDROUS",Incompatible
SULFURIC ACID,ARGON,Compatible
SULFURIC ACID,BENZENE,Incompatible
SULFURIC ACID,BROMINE,Incompatible
SULFURIC ACID,CALCIUM CARBONATE,Incompatible
SULFURIC ACID,CALCIUM OXIDE,Incompatible
SULFURIC ACID,CARBON DIOXIDE,Compatible
SULFURIC ACID,CARBON MONOXIDE,Incompatible
SULFURIC ACID,CELLULOSE,Incompatible
SULFURIC ACID,CHLORINE,Incompatible
SULFURIC ACID,CHROMIUM,Incompatible
SULFURIC ACID,D-MANNITOL,Incompatible
SULFURIC ACID,DICHLOROMETHANE,Incompatible
SULFURIC ACID,ETHANE,Incompatible
SULFURIC ACID,ETHANOL,Incompatible
SULFURIC ACID,ETHYLENE,Incompatible
SULFURIC ACID,"FERROUS CHLORIDE, SOLID",Incompatible
SULFURIC ACID,HELIUM,Compatible
SULFURIC ACID,HYDROGEN,Incompatible
SULFURIC ACID,"HYDROGEN CHLORIDE, ANHYDROUS",Incompatible
SULFURIC ACID,"HYDROGEN PEROXIDE, STABILIZED",Incompatible
SULFURIC ACID,HYDROGEN SULFIDE,Incompatible
SULFURIC ACID,"IRON OXIDE, SPENT",Incompatible
SULFURIC ACID,"IRON, [POWDERED]",Incompatible
SULFURIC ACID,LACTOSE,Incompatible
SULFURIC ACID,LEAD,Incompatible
SULFURIC ACID,LEAD SULFATE,Incompatible
SULFURIC ACID,LEAD SULFIDE,Incompatible
SULFURIC ACID,LIMESTONE,Incompatible
SULFURIC ACID,LITHIUM,Incompatible
SULFURIC ACID,MARBLE,Incompatible
SULFURIC ACID,METHANE,Incompatible
SULFURIC ACID,NICKEL,Incompatible
SULFURIC ACID,NITROGEN,Compatible
SULFURIC ACID,OXYGEN,Incompatible
SULFURIC ACID,"PHENOL, LIQUID",Incompatible
SULFURIC ACID,PHOSGENE,Incompatible
SULFURIC ACID,"PHOSPHORUS, [BLACK]",Incompatible
SULFURIC ACID,PLATINUM,Incompatible
SULFURIC ACID,POLYETHYLENE AS,Incompatible
SULFURIC ACID,POLYPROPYLENE,Incompatible
SULFURIC ACID,SILANE,Incompatible
SULFURIC ACID,"SILICA, AMORPHOUS",Caution
SULFURIC ACID,SILICON TETRAFLUORIDE,Incompatible
SULFURIC ACID,SODIUM,Incompatible
SULFURIC ACID,SODIUM CHLORIDE,Incompatible
SULFURIC ACID,SODIUM PERMANGANATE,Incompatible
SULFURIC ACID,SUCROSE,Incompatible
SULFURIC ACID,"SULFUR, MOLTEN",Incompatible
TUNGSTEN,ACETYLENE,Incompatible
TUNGSTEN,ALUMINUM OXIDE,Compatible
TUNGSTEN,"ALUMINUM POWDER, UNCOATED",Caution
TUNGSTEN,"AMMONIA, ANHYDROUS",Caution
TUNGSTEN,ARGON,Compatible
TUNGSTEN,BENZENE,Compatible
TUNGSTEN,BROMINE,Incompatible
TUNGSTEN,CALCIUM CARBONATE,Compatible
TUNGSTEN,CALCIUM OXIDE,Caution
TUNGSTEN,CARBON DIOXIDE,Compatible
TUNGSTEN,CARBON MONOXIDE,Incompatible
TUNGSTEN,CELLULOSE,Compatible
TUNGSTEN,CHLORINE,Incompatible
TUNGSTEN,CHROMIUM,Caution
TUNGSTEN,D-MANNITOL,Compatible
TUNGSTEN,DICHLOROMETHANE,Compatible
TUNGSTEN,ETHANE,Compatible
TUNGSTEN,ETHANOL,Compatible
TUNGSTEN,ETHYLENE,Incompatible
TUNGSTEN,"FERROUS CHLORIDE, SOLID",Caution
TUNGSTEN,HELIUM,Compatible
TUNGSTEN,HYDROGEN,Incompatible
TUNGSTEN,"HYDROGEN CHLORIDE, ANHYDROUS",Caution
TUNGSTEN,"HYDROGEN PEROXIDE, STABILIZED",Incompatible
TUNGSTEN,HYDROGEN SULFIDE,Incompatible
TUNGSTEN,"IRON OXIDE, SPENT",Incompatible
TUNGSTEN,"IRON, [POWDERED]",Caution
TUNGSTEN,LACTOSE,Compatible
TUNGSTEN,LEAD,Compatible
TUNGSTEN,LEAD SULFATE,Compatible
TUNGSTEN,LEAD SULFIDE,Incompatible
TUNGSTEN,LIMESTONE,Compatible
TUNGSTEN,LITHIUM,Caution
TUNGSTEN,MARBLE,Compatible
TUNGSTEN,METHANE,Compatible
TUNGSTEN,NICKEL,Caution
TUNGSTEN,NITROGEN,Compatible
TUNGSTEN,OXYGEN,Incompatible
TUNGSTEN,"PHENOL, LIQUID",Compatible
TUNGSTEN,PHOSGENE,Incompatible
TUNGSTEN,"PHOSPHORUS, [BLACK]",Incompatible
TUNGSTEN,PLATINUM,Compatible
TUNGSTEN,POLYETHYLENE AS,Compatible
TUNGSTEN,POLYPROPYLENE,Compatible
TUNGSTEN,SILANE,Incompatible
TUNGSTEN,"SILICA, AMORPHOUS",Compatible
TUNGSTEN,SILICON TETRAFLUORIDE,Compatible
TUNGSTEN,SODIUM,Caution
TUNGSTEN,SODIUM CHLORIDE,Compatible
TUNGSTEN,SODIUM PERMANGANATE,Incompatible
TUNGSTEN,SUCROSE,Compatible
TUNGSTEN,"SULFUR, MOLTEN",Caution
TUNGSTEN,SULFURIC ACID,Incompatible
WATER,ACETYLENE,Compatible
WATER,ALUMINUM OXIDE,Compatible
WATER,"ALUMINUM POWDER, UNCOATED",Incompatible
WATER,"AMMONIA, ANHYDROUS",Caution
WATER,ARGON,Compatible
WATER,BENZENE,Compatible
WATER,BROMINE,Incompatible
WATER,CALCIUM CARBONATE,Caution
WATER,CALCIUM OXIDE,Caution
WATER,CARBON DIOXIDE,Compatible
WATER,CARBON MONOXIDE,Compatible
WATER,CELLULOSE,Compatible
WATER,CHLORINE,Incompatible
WATER,CHROMIUM,Incompatible
WATER,D-MANNITOL,Compatible
WATER,DICHLOROMETHANE,Caution
WATER,ETHANE,Compatible
WATER,ETHANOL,Compatible
WATER,ETHYLENE,Caution
WATER,"FERROUS CHLORIDE, SOLID",Incompatible
WATER,HELIUM,Compatible
WATER,HYDROGEN,Compatible
WATER,"HYDROGEN CHLORIDE, ANHYDROUS",Caution
WATER,"HYDROGEN PEROXIDE, STABILIZED",Incompatible
WATER,HYDROGEN SULFIDE,Incompatible
WATER,"IRON OXIDE, SPENT",Incompatible
WATER,"IRON, [POWDERED]",Incompatible
WATER,LACTOSE,Compatible
WATER,LEAD,Compatible
WATER,LEAD SULFATE,Compatible
WATER,LEAD SULFIDE,Incompatible
WATER,LIMESTONE,Caution
WATER,LITHIUM,Incompatible
WATER,MARBLE,Caution
WATER,METHANE,Compatible
WATER,NICKEL,Incompatible
WATER,NITROGEN,Compatible
WATER,OXYGEN,Incompatible
WATER,"PHENOL, LIQUID",Compatible
WATER,PHOSGENE,Incompatible
WATER,"PHOSPHORUS, [BLACK]",Compatible
WATER,PLATINUM,Compatible
WATER,POLYETHYLENE AS,Compatible
WATER,POLYPROPYLENE,Compatible
WATER,SILANE,Incompatible
WATER,"SILICA, AMORPHOUS",Compatible
WATER,SILICON TETRAFLUORIDE,Caution
WATER,SODIUM,Incompatible
WATER,SODIUM CHLORIDE,Compatible
WATER,SODIUM PERMANGANATE,Incompatible
WATER,SUCROSE,Compatible
WATER,"SULFUR, MOLTEN",Incompatible
WATER,SULFURIC ACID,Caution
WATER,TUNGSTEN,Compatible
